# This app ships a native library, `libgojni.so`, that statically links the Go
# modules listed first here, and it ships the Android and Kotlin modules listed after
# them. BSD-3-Clause and Apache-2.0 attach conditions to binary distribution: the
# copyright notice, the list of conditions, the disclaimer, and any upstream NOTICE, so
# the texts travel inside the app rather than only in the repository. The same files are
# published at THIRD-PARTY-NOTICES.md and docs/ANDROID-DEPENDENCIES.md.
#
# Scope: 20 licence texts covering the Go modules linked into the native
# bridge, then 129 Android and Kotlin modules taken from the Gradle
# graph, each with the licence its own POM declares. Both halves are generated from
# those sources; neither list is typed by hand.
project-mit	MIT	This app	project-mit.txt
Apache-2.0--github-com-golang-groupcache	Apache-2.0	github.com/golang/groupcache	Apache-2.0--github-com-golang-groupcache.txt
Apache-2.0--github-com-google-btree	Apache-2.0	github.com/google/btree	Apache-2.0--github-com-google-btree.txt
Apache-2.0--github-com-klauspost-compress	Apache-2.0	github.com/klauspost/compress	Apache-2.0--github-com-klauspost-compress.txt
Apache-2.0--github-com-pires-go-proxyproto	Apache-2.0	github.com/pires/go-proxyproto	Apache-2.0--github-com-pires-go-proxyproto.txt
Apache-2.0--go4-org-mem	Apache-2.0	go4.org/mem	Apache-2.0--go4-org-mem.txt
Apache-2.0--gvisor-dev-gvisor	Apache-2.0	gvisor.dev/gvisor	Apache-2.0--gvisor-dev-gvisor.txt
BSD-2-Clause--github-com-creachadair-msync	BSD-2-Clause	github.com/creachadair/msync	BSD-2-Clause--github-com-creachadair-msync.txt
BSD-2-Clause--github-com-huin-goupnp	BSD-2-Clause	github.com/huin/goupnp	BSD-2-Clause--github-com-huin-goupnp.txt
BSD-3-Clause--filippo-io-edwards25519	BSD-3-Clause	filippo.io/edwards25519	BSD-3-Clause--filippo-io-edwards25519.txt
BSD-3-Clause--github-com-go-json-experiment-json	BSD-3-Clause	github.com/go-json-experiment/json	BSD-3-Clause--github-com-go-json-experiment-json.txt
BSD-3-Clause--github-com-hdevalence-ed25519consensus	BSD-3-Clause	github.com/hdevalence/ed25519consensus	BSD-3-Clause--github-com-hdevalence-ed25519consensus.txt
BSD-3-Clause--github-com-tailscale-peercred	BSD-3-Clause	github.com/tailscale/peercred	BSD-3-Clause--github-com-tailscale-peercred.txt
BSD-3-Clause--go4-org-netipx	BSD-3-Clause	go4.org/netipx	BSD-3-Clause--go4-org-netipx.txt
BSD-3-Clause--golang-org-x-crypto	BSD-3-Clause	golang.org/x/crypto, golang.org/x/exp, golang.org/x/mobile, golang.org/x/mod, golang.org/x/net, golang.org/x/oauth2, golang.org/x/sync, golang.org/x/sys, golang.org/x/term, golang.org/x/text, golang.org/x/time, golang.org/x/tools	BSD-3-Clause--golang-org-x-crypto.txt
BSD-3-Clause--tailscale-com	BSD-3-Clause	tailscale.com	BSD-3-Clause--tailscale-com.txt
MIT--github-com-fxamacker-cbor-v2	MIT	github.com/fxamacker/cbor/v2	MIT--github-com-fxamacker-cbor-v2.txt
MIT--github-com-gaissmai-bart	MIT	github.com/gaissmai/bart	MIT--github-com-gaissmai-bart.txt
MIT--github-com-mdlayher-socket	MIT	github.com/mdlayher/socket	MIT--github-com-mdlayher-socket.txt
MIT--github-com-tailscale-wireguard-go	MIT	github.com/tailscale/wireguard-go	MIT--github-com-tailscale-wireguard-go.txt
MIT--github-com-x448-float16	MIT	github.com/x448/float16	MIT--github-com-x448-float16.txt
android:androidx.activity:activity	Apache-2.0	androidx.activity:activity 1.9.3	Apache-2.0.txt
android:androidx.activity:activity-compose	Apache-2.0	androidx.activity:activity-compose 1.9.3	Apache-2.0.txt
android:androidx.activity:activity-ktx	Apache-2.0	androidx.activity:activity-ktx 1.9.3	Apache-2.0.txt
android:androidx.annotation:annotation	Apache-2.0	androidx.annotation:annotation 1.8.1	Apache-2.0.txt
android:androidx.annotation:annotation-experimental	Apache-2.0	androidx.annotation:annotation-experimental 1.4.1	Apache-2.0.txt
android:androidx.annotation:annotation-jvm	Apache-2.0	androidx.annotation:annotation-jvm 1.8.1	Apache-2.0.txt
android:androidx.appcompat:appcompat	Apache-2.0	androidx.appcompat:appcompat 1.1.0	Apache-2.0.txt
android:androidx.appcompat:appcompat-resources	Apache-2.0	androidx.appcompat:appcompat-resources 1.1.0	Apache-2.0.txt
android:androidx.arch.core:core-common	Apache-2.0	androidx.arch.core:core-common 2.2.0	Apache-2.0.txt
android:androidx.arch.core:core-runtime	Apache-2.0	androidx.arch.core:core-runtime 2.2.0	Apache-2.0.txt
android:androidx.autofill:autofill	Apache-2.0	androidx.autofill:autofill 1.0.0	Apache-2.0.txt
android:androidx.camera:camera-camera2	Apache-2.0	androidx.camera:camera-camera2 1.4.1	Apache-2.0.txt
android:androidx.camera:camera-core	Apache-2.0	androidx.camera:camera-core 1.4.1	Apache-2.0.txt
android:androidx.camera:camera-lifecycle	Apache-2.0	androidx.camera:camera-lifecycle 1.4.1	Apache-2.0.txt
android:androidx.camera:camera-video	Apache-2.0	androidx.camera:camera-video 1.4.1	Apache-2.0.txt
android:androidx.camera:camera-view	Apache-2.0	androidx.camera:camera-view 1.4.1	Apache-2.0.txt
android:androidx.collection:collection	Apache-2.0	androidx.collection:collection 1.4.4	Apache-2.0.txt
android:androidx.collection:collection-jvm	Apache-2.0	androidx.collection:collection-jvm 1.4.4	Apache-2.0.txt
android:androidx.collection:collection-ktx	Apache-2.0	androidx.collection:collection-ktx 1.4.4	Apache-2.0.txt
android:androidx.compose.animation:animation	Apache-2.0	androidx.compose.animation:animation 1.7.6	Apache-2.0.txt
android:androidx.compose.animation:animation-android	Apache-2.0	androidx.compose.animation:animation-android 1.7.6	Apache-2.0.txt
android:androidx.compose.animation:animation-core	Apache-2.0	androidx.compose.animation:animation-core 1.7.6	Apache-2.0.txt
android:androidx.compose.animation:animation-core-android	Apache-2.0	androidx.compose.animation:animation-core-android 1.7.6	Apache-2.0.txt
android:androidx.compose.foundation:foundation	Apache-2.0	androidx.compose.foundation:foundation 1.7.6	Apache-2.0.txt
android:androidx.compose.foundation:foundation-android	Apache-2.0	androidx.compose.foundation:foundation-android 1.7.6	Apache-2.0.txt
android:androidx.compose.foundation:foundation-layout	Apache-2.0	androidx.compose.foundation:foundation-layout 1.7.6	Apache-2.0.txt
android:androidx.compose.foundation:foundation-layout-android	Apache-2.0	androidx.compose.foundation:foundation-layout-android 1.7.6	Apache-2.0.txt
android:androidx.compose.material3:material3	Apache-2.0	androidx.compose.material3:material3 1.3.1	Apache-2.0.txt
android:androidx.compose.material3:material3-android	Apache-2.0	androidx.compose.material3:material3-android 1.3.1	Apache-2.0.txt
android:androidx.compose.material:material-icons-core	Apache-2.0	androidx.compose.material:material-icons-core 1.7.6	Apache-2.0.txt
android:androidx.compose.material:material-icons-core-android	Apache-2.0	androidx.compose.material:material-icons-core-android 1.7.6	Apache-2.0.txt
android:androidx.compose.material:material-icons-extended	Apache-2.0	androidx.compose.material:material-icons-extended 1.7.6	Apache-2.0.txt
android:androidx.compose.material:material-icons-extended-android	Apache-2.0	androidx.compose.material:material-icons-extended-android 1.7.6	Apache-2.0.txt
android:androidx.compose.material:material-ripple	Apache-2.0	androidx.compose.material:material-ripple 1.7.6	Apache-2.0.txt
android:androidx.compose.material:material-ripple-android	Apache-2.0	androidx.compose.material:material-ripple-android 1.7.6	Apache-2.0.txt
android:androidx.compose.runtime:runtime	Apache-2.0	androidx.compose.runtime:runtime 1.7.6	Apache-2.0.txt
android:androidx.compose.runtime:runtime-android	Apache-2.0	androidx.compose.runtime:runtime-android 1.7.6	Apache-2.0.txt
android:androidx.compose.runtime:runtime-saveable	Apache-2.0	androidx.compose.runtime:runtime-saveable 1.7.6	Apache-2.0.txt
android:androidx.compose.runtime:runtime-saveable-android	Apache-2.0	androidx.compose.runtime:runtime-saveable-android 1.7.6	Apache-2.0.txt
android:androidx.compose.ui:ui	Apache-2.0	androidx.compose.ui:ui 1.7.6	Apache-2.0.txt
android:androidx.compose.ui:ui-android	Apache-2.0	androidx.compose.ui:ui-android 1.7.6	Apache-2.0.txt
android:androidx.compose.ui:ui-geometry	Apache-2.0	androidx.compose.ui:ui-geometry 1.7.6	Apache-2.0.txt
android:androidx.compose.ui:ui-geometry-android	Apache-2.0	androidx.compose.ui:ui-geometry-android 1.7.6	Apache-2.0.txt
android:androidx.compose.ui:ui-graphics	Apache-2.0	androidx.compose.ui:ui-graphics 1.7.6	Apache-2.0.txt
android:androidx.compose.ui:ui-graphics-android	Apache-2.0	androidx.compose.ui:ui-graphics-android 1.7.6	Apache-2.0.txt
android:androidx.compose.ui:ui-text	Apache-2.0	androidx.compose.ui:ui-text 1.7.6	Apache-2.0.txt
android:androidx.compose.ui:ui-text-android	Apache-2.0	androidx.compose.ui:ui-text-android 1.7.6	Apache-2.0.txt
android:androidx.compose.ui:ui-tooling-preview	Apache-2.0	androidx.compose.ui:ui-tooling-preview 1.7.6	Apache-2.0.txt
android:androidx.compose.ui:ui-tooling-preview-android	Apache-2.0	androidx.compose.ui:ui-tooling-preview-android 1.7.6	Apache-2.0.txt
android:androidx.compose.ui:ui-unit	Apache-2.0	androidx.compose.ui:ui-unit 1.7.6	Apache-2.0.txt
android:androidx.compose.ui:ui-unit-android	Apache-2.0	androidx.compose.ui:ui-unit-android 1.7.6	Apache-2.0.txt
android:androidx.compose.ui:ui-util	Apache-2.0	androidx.compose.ui:ui-util 1.7.6	Apache-2.0.txt
android:androidx.compose.ui:ui-util-android	Apache-2.0	androidx.compose.ui:ui-util-android 1.7.6	Apache-2.0.txt
android:androidx.compose:compose-bom	Apache-2.0	androidx.compose:compose-bom 2024.12.01	Apache-2.0.txt
android:androidx.concurrent:concurrent-futures	Apache-2.0	androidx.concurrent:concurrent-futures 1.1.0	Apache-2.0.txt
android:androidx.concurrent:concurrent-futures-ktx	Apache-2.0	androidx.concurrent:concurrent-futures-ktx 1.1.0	Apache-2.0.txt
android:androidx.core:core	Apache-2.0	androidx.core:core 1.15.0	Apache-2.0.txt
android:androidx.core:core-ktx	Apache-2.0	androidx.core:core-ktx 1.15.0	Apache-2.0.txt
android:androidx.cursoradapter:cursoradapter	Apache-2.0	androidx.cursoradapter:cursoradapter 1.0.0	Apache-2.0.txt
android:androidx.customview:customview	Apache-2.0	androidx.customview:customview 1.0.0	Apache-2.0.txt
android:androidx.customview:customview-poolingcontainer	Apache-2.0	androidx.customview:customview-poolingcontainer 1.0.0	Apache-2.0.txt
android:androidx.datastore:datastore	Apache-2.0	androidx.datastore:datastore 1.1.1	Apache-2.0.txt
android:androidx.datastore:datastore-android	Apache-2.0	androidx.datastore:datastore-android 1.1.1	Apache-2.0.txt
android:androidx.datastore:datastore-core	Apache-2.0	androidx.datastore:datastore-core 1.1.1	Apache-2.0.txt
android:androidx.datastore:datastore-core-android	Apache-2.0	androidx.datastore:datastore-core-android 1.1.1	Apache-2.0.txt
android:androidx.datastore:datastore-core-okio	Apache-2.0	androidx.datastore:datastore-core-okio 1.1.1	Apache-2.0.txt
android:androidx.datastore:datastore-core-okio-jvm	Apache-2.0	androidx.datastore:datastore-core-okio-jvm 1.1.1	Apache-2.0.txt
android:androidx.datastore:datastore-preferences	Apache-2.0	androidx.datastore:datastore-preferences 1.1.1	Apache-2.0.txt
android:androidx.datastore:datastore-preferences-android	Apache-2.0	androidx.datastore:datastore-preferences-android 1.1.1	Apache-2.0.txt
android:androidx.datastore:datastore-preferences-core	Apache-2.0	androidx.datastore:datastore-preferences-core 1.1.1	Apache-2.0.txt
android:androidx.datastore:datastore-preferences-core-jvm	Apache-2.0	androidx.datastore:datastore-preferences-core-jvm 1.1.1	Apache-2.0.txt
android:androidx.drawerlayout:drawerlayout	Apache-2.0	androidx.drawerlayout:drawerlayout 1.0.0	Apache-2.0.txt
android:androidx.emoji2:emoji2	Apache-2.0	androidx.emoji2:emoji2 1.3.0	Apache-2.0.txt
android:androidx.exifinterface:exifinterface	Apache-2.0	androidx.exifinterface:exifinterface 1.3.2	Apache-2.0.txt
android:androidx.fragment:fragment	Apache-2.0	androidx.fragment:fragment 1.1.0	Apache-2.0.txt
android:androidx.graphics:graphics-path	Apache-2.0	androidx.graphics:graphics-path 1.0.1	Apache-2.0.txt
android:androidx.interpolator:interpolator	Apache-2.0	androidx.interpolator:interpolator 1.0.0	Apache-2.0.txt
android:androidx.lifecycle:lifecycle-common	Apache-2.0	androidx.lifecycle:lifecycle-common 2.8.7	Apache-2.0.txt
android:androidx.lifecycle:lifecycle-common-java8	Apache-2.0	androidx.lifecycle:lifecycle-common-java8 2.8.7	Apache-2.0.txt
android:androidx.lifecycle:lifecycle-common-jvm	Apache-2.0	androidx.lifecycle:lifecycle-common-jvm 2.8.7	Apache-2.0.txt
android:androidx.lifecycle:lifecycle-livedata	Apache-2.0	androidx.lifecycle:lifecycle-livedata 2.8.7	Apache-2.0.txt
android:androidx.lifecycle:lifecycle-livedata-core	Apache-2.0	androidx.lifecycle:lifecycle-livedata-core 2.8.7	Apache-2.0.txt
android:androidx.lifecycle:lifecycle-livedata-core-ktx	Apache-2.0	androidx.lifecycle:lifecycle-livedata-core-ktx 2.8.7	Apache-2.0.txt
android:androidx.lifecycle:lifecycle-process	Apache-2.0	androidx.lifecycle:lifecycle-process 2.8.7	Apache-2.0.txt
android:androidx.lifecycle:lifecycle-runtime	Apache-2.0	androidx.lifecycle:lifecycle-runtime 2.8.7	Apache-2.0.txt
android:androidx.lifecycle:lifecycle-runtime-android	Apache-2.0	androidx.lifecycle:lifecycle-runtime-android 2.8.7	Apache-2.0.txt
android:androidx.lifecycle:lifecycle-runtime-compose	Apache-2.0	androidx.lifecycle:lifecycle-runtime-compose 2.8.7	Apache-2.0.txt
android:androidx.lifecycle:lifecycle-runtime-compose-android	Apache-2.0	androidx.lifecycle:lifecycle-runtime-compose-android 2.8.7	Apache-2.0.txt
android:androidx.lifecycle:lifecycle-runtime-ktx	Apache-2.0	androidx.lifecycle:lifecycle-runtime-ktx 2.8.7	Apache-2.0.txt
android:androidx.lifecycle:lifecycle-runtime-ktx-android	Apache-2.0	androidx.lifecycle:lifecycle-runtime-ktx-android 2.8.7	Apache-2.0.txt
android:androidx.lifecycle:lifecycle-viewmodel	Apache-2.0	androidx.lifecycle:lifecycle-viewmodel 2.8.7	Apache-2.0.txt
android:androidx.lifecycle:lifecycle-viewmodel-android	Apache-2.0	androidx.lifecycle:lifecycle-viewmodel-android 2.8.7	Apache-2.0.txt
android:androidx.lifecycle:lifecycle-viewmodel-compose	Apache-2.0	androidx.lifecycle:lifecycle-viewmodel-compose 2.8.7	Apache-2.0.txt
android:androidx.lifecycle:lifecycle-viewmodel-compose-android	Apache-2.0	androidx.lifecycle:lifecycle-viewmodel-compose-android 2.8.7	Apache-2.0.txt
android:androidx.lifecycle:lifecycle-viewmodel-ktx	Apache-2.0	androidx.lifecycle:lifecycle-viewmodel-ktx 2.8.7	Apache-2.0.txt
android:androidx.lifecycle:lifecycle-viewmodel-savedstate	Apache-2.0	androidx.lifecycle:lifecycle-viewmodel-savedstate 2.8.7	Apache-2.0.txt
android:androidx.loader:loader	Apache-2.0	androidx.loader:loader 1.0.0	Apache-2.0.txt
android:androidx.profileinstaller:profileinstaller	Apache-2.0	androidx.profileinstaller:profileinstaller 1.3.1	Apache-2.0.txt
android:androidx.savedstate:savedstate	Apache-2.0	androidx.savedstate:savedstate 1.2.1	Apache-2.0.txt
android:androidx.savedstate:savedstate-ktx	Apache-2.0	androidx.savedstate:savedstate-ktx 1.2.1	Apache-2.0.txt
android:androidx.startup:startup-runtime	Apache-2.0	androidx.startup:startup-runtime 1.1.1	Apache-2.0.txt
android:androidx.tracing:tracing	Apache-2.0	androidx.tracing:tracing 1.2.0	Apache-2.0.txt
android:androidx.tracing:tracing-ktx	Apache-2.0	androidx.tracing:tracing-ktx 1.2.0	Apache-2.0.txt
android:androidx.vectordrawable:vectordrawable	Apache-2.0	androidx.vectordrawable:vectordrawable 1.1.0	Apache-2.0.txt
android:androidx.vectordrawable:vectordrawable-animated	Apache-2.0	androidx.vectordrawable:vectordrawable-animated 1.1.0	Apache-2.0.txt
android:androidx.versionedparcelable:versionedparcelable	Apache-2.0	androidx.versionedparcelable:versionedparcelable 1.1.1	Apache-2.0.txt
android:androidx.viewpager:viewpager	Apache-2.0	androidx.viewpager:viewpager 1.0.0	Apache-2.0.txt
android:com.google.auto.value:auto-value-annotations	Apache-2.0	com.google.auto.value:auto-value-annotations 1.6.3	Apache-2.0.txt
android:com.google.guava:listenablefuture	Apache-2.0	com.google.guava:listenablefuture 1.0	Apache-2.0.txt
android:com.google.zxing:core	Apache-2.0	com.google.zxing:core 3.5.3	Apache-2.0.txt
android:com.squareup.okhttp3:okhttp	Apache-2.0	com.squareup.okhttp3:okhttp 4.12.0	Apache-2.0.txt
android:com.squareup.okio:okio	Apache-2.0	com.squareup.okio:okio 3.6.0	Apache-2.0.txt
android:com.squareup.okio:okio-jvm	Apache-2.0	com.squareup.okio:okio-jvm 3.6.0	Apache-2.0.txt
android:org.jetbrains.kotlin:kotlin-android-extensions-runtime	Apache-2.0	org.jetbrains.kotlin:kotlin-android-extensions-runtime 1.9.22	Apache-2.0.txt
android:org.jetbrains.kotlin:kotlin-parcelize-runtime	Apache-2.0	org.jetbrains.kotlin:kotlin-parcelize-runtime 1.9.22	Apache-2.0.txt
android:org.jetbrains.kotlin:kotlin-stdlib	Apache-2.0	org.jetbrains.kotlin:kotlin-stdlib 2.1.0	Apache-2.0.txt
android:org.jetbrains.kotlin:kotlin-stdlib-common	Apache-2.0	org.jetbrains.kotlin:kotlin-stdlib-common 2.1.0	Apache-2.0.txt
android:org.jetbrains.kotlin:kotlin-stdlib-jdk7	Apache-2.0	org.jetbrains.kotlin:kotlin-stdlib-jdk7 1.9.10	Apache-2.0.txt
android:org.jetbrains.kotlin:kotlin-stdlib-jdk8	Apache-2.0	org.jetbrains.kotlin:kotlin-stdlib-jdk8 1.9.10	Apache-2.0.txt
android:org.jetbrains.kotlinx:kotlinx-coroutines-android	Apache-2.0	org.jetbrains.kotlinx:kotlinx-coroutines-android 1.9.0	Apache-2.0.txt
android:org.jetbrains.kotlinx:kotlinx-coroutines-bom	Apache-2.0	org.jetbrains.kotlinx:kotlinx-coroutines-bom 1.9.0	Apache-2.0.txt
android:org.jetbrains.kotlinx:kotlinx-coroutines-core	Apache-2.0	org.jetbrains.kotlinx:kotlinx-coroutines-core 1.9.0	Apache-2.0.txt
android:org.jetbrains.kotlinx:kotlinx-coroutines-core-jvm	Apache-2.0	org.jetbrains.kotlinx:kotlinx-coroutines-core-jvm 1.9.0	Apache-2.0.txt
android:org.jetbrains.kotlinx:kotlinx-serialization-bom	Apache-2.0	org.jetbrains.kotlinx:kotlinx-serialization-bom 1.7.3	Apache-2.0.txt
android:org.jetbrains.kotlinx:kotlinx-serialization-core	Apache-2.0	org.jetbrains.kotlinx:kotlinx-serialization-core 1.7.3	Apache-2.0.txt
android:org.jetbrains.kotlinx:kotlinx-serialization-core-jvm	Apache-2.0	org.jetbrains.kotlinx:kotlinx-serialization-core-jvm 1.7.3	Apache-2.0.txt
android:org.jetbrains.kotlinx:kotlinx-serialization-json	Apache-2.0	org.jetbrains.kotlinx:kotlinx-serialization-json 1.7.3	Apache-2.0.txt
android:org.jetbrains.kotlinx:kotlinx-serialization-json-jvm	Apache-2.0	org.jetbrains.kotlinx:kotlinx-serialization-json-jvm 1.7.3	Apache-2.0.txt
android:org.jetbrains:annotations	Apache-2.0	org.jetbrains:annotations 23.0.0	Apache-2.0.txt
